,Miss Shakia Hayes,random@mail.de
,Emelia Wehner DDS,random@mail.de
,Pok Huels,random@mail.de
,Seth Nicolas,random@mail.de
,Jame Williamson,random@mail.de
,Miriam Walker,random@mail.de
,Tu Lowe II,random@mail.de
,Miss Frederick Kuhlman,random@mail.de
,Norbert Medhurst MD,random@mail.de
,Douglas Gottlieb,random@mail.de
,Moises Stehr,random@mail.de
,Stevie Fahey,random@mail.de
,Roseann Ratke,random@mail.de
,Celine Bradtke,random@mail.de
,Ms. Nadine Bednar,random@mail.de
,Danyel Lubowitz,random@mail.de
,Mr. Paulina Weissnat,random@mail.de
,Lashaun Emard,random@mail.de
,Adrienne Ryan DDS,random@mail.de
,Lavone Tromp,random@mail.de
,Erlene Ledner DDS,random@mail.de
,Manual Yost PhD,random@mail.de
,Heath Brown,random@mail.de
,Devin Effertz,random@mail.de
,Nathanael Sawayn,random@mail.de
,Winter Denesik,random@mail.de
,Matha O'Connell,random@mail.de
,Ezequiel Reilly,random@mail.de
,Brooks Wunsch II,random@mail.de
,Reed Beer,random@mail.de
,Christy Stehr,random@mail.de
,Roseann Herman I,random@mail.de
,Janiece Huel,random@mail.de
,Albina Kshlerin DDS,random@mail.de
,Clement Stroman,random@mail.de
,Xavier Jaskolski,random@mail.de
,Dr. Antonio Ward,random@mail.de
,Raphael Cartwright,random@mail.de
,Garland Kessler,random@mail.de
,Dalila Larkin PhD,random@mail.de
,Zenobia Considine,random@mail.de
,Kali Murray,random@mail.de
,Kelley Sauer,random@mail.de
,Ms. Nickolas Hamill,random@mail.de
,Mitchel Sauer,random@mail.de
,Maribeth Jacobi IV,random@mail.de
,Sherice Thompson DVM,random@mail.de
,Salvatore Dickinson,random@mail.de
,Dr. Tanner Kub,random@mail.de
,Kory Rolfson MD,random@mail.de
,Daniella Boyer,random@mail.de
,Cornelius Keebler,random@mail.de
,Kendall Pouros,random@mail.de
,Elliot Sanford,random@mail.de
,Berry Runolfsson,random@mail.de
,Alden Schmeler,random@mail.de
,Mr. Joann Dare,random@mail.de
,Mimi Trantow,random@mail.de
,Milan Ortiz,random@mail.de
,Everett Kemmer,random@mail.de
,Darius Rath PhD,random@mail.de
,Ozella Dickens,random@mail.de
,Tessa Murphy,random@mail.de
,Ernest Bailey,random@mail.de
,Miss Catharine Schowalter,random@mail.de
,Ronnie Ledner,random@mail.de
,Brent Blick IV,random@mail.de
,Jonathan Fisher I,random@mail.de
,Mr. Mary Stanton,random@mail.de
,Marg Conn,random@mail.de
,Ms. Alpha Johns,random@mail.de
,Mr. Alberto Hills,random@mail.de
,Mrs. Luvenia Jones,random@mail.de
,Jonas Carroll V,random@mail.de
,Omer Kihn,random@mail.de
,Marvel Quigley,random@mail.de
,Armanda Wisoky,random@mail.de
,Carmine McKenzie,random@mail.de
,Cassy Renner,random@mail.de
,Daisy Ondricka,random@mail.de
,Guy Kirlin,random@mail.de
,Domenic Prohaska,random@mail.de
,Mika Russel,random@mail.de
,Miquel Lubowitz,random@mail.de
,Dr. Freddie Simonis,random@mail.de
,Josphine Jones,random@mail.de
,Julio Effertz,random@mail.de
,Kerry Lubowitz,random@mail.de
,Dr. Jon Schmitt,random@mail.de
,Carson Romaguera,random@mail.de
,Hank Johnson,random@mail.de
,Marcel Cummerata DVM,random@mail.de
,Jasmin Morar,random@mail.de
,Mrs. Jessika Braun,random@mail.de
,Branden Homenick,random@mail.de
,Margaretta Bergnaum,random@mail.de
,Coletta Douglas,random@mail.de
,Torri Nienow,random@mail.de
,Suellen Shields,random@mail.de
,Glendora Hahn,random@mail.de
1,Natalya Hills,random@mail.de
1,Refugio Watsica,random@mail.de
1,Mr. Thanh Kulas,random@mail.de
1,Roxie McKenzie,random@mail.de
1,Etha Monahan DVM,random@mail.de
1,Ms. Lorrine Koelpin,random@mail.de
1,Edwardo Boehm,random@mail.de
1,Chelsie Schmeler,random@mail.de
1,Mr. Stephan Ryan,random@mail.de
1,Lana Ruecker,random@mail.de
1,Michael Metz,random@mail.de
1,Jimmy Fadel,random@mail.de
1,Mauricio Gibson,random@mail.de
1,Luana Goldner,random@mail.de
1,Ms. Louis Kautzer,random@mail.de
1,Ashley Lubowitz,random@mail.de
1,Martin Schamberger,random@mail.de
1,Jody Flatley,random@mail.de
1,Nia Rogahn,random@mail.de
1,Darrell Wolff,random@mail.de
1,Darnell Pfannerstill,random@mail.de
1,Houston Collins,random@mail.de
1,Lizzie Bradtke,random@mail.de
1,Willy Boyer,random@mail.de
1,Joette Gerhold,random@mail.de
1,Miles Purdy,random@mail.de
1,Vickey Heathcote DVM,random@mail.de
1,Burl Denesik,random@mail.de
1,Mr. France Konopelski,random@mail.de
1,Miss Ira Spencer,random@mail.de
1,Ms. Anisa Nader,random@mail.de
1,Dusti Welch,random@mail.de
1,Libby Keeling,random@mail.de
1,Susanne Mertz,random@mail.de
1,Francesco Reinger MD,random@mail.de
1,Dr. Irving Kuhn,random@mail.de
1,Mr. Marth Wunsch,random@mail.de
1,Mrs. Virgil Jacobi,random@mail.de
1,Earlean O'Conner V,random@mail.de
1,Mr. Berna Klein,random@mail.de
1,Roberta Glover,random@mail.de
1,Latosha Harber,random@mail.de
1,Ernesto Sawayn,random@mail.de
1,Hipolito Emard,random@mail.de
1,Arnulfo Wehner III,random@mail.de
1,Shawnda Zboncak,random@mail.de
1,Mrs. Isreal Pollich,random@mail.de
1,Thomasena Wisoky,random@mail.de
1,Jerrica Steuber,random@mail.de
1,August Altenwerth,random@mail.de
1,Jeremy Effertz,random@mail.de
1,Greg Kassulke,random@mail.de
1,Tim Witting,random@mail.de
1,Zana Bergstrom,random@mail.de
1,Patti Hodkiewicz,random@mail.de
1,Benito Harris,random@mail.de
1,Samuel Erdman,random@mail.de
1,Cheri Paucek DVM,random@mail.de
1,Delta Ledner Jr.,random@mail.de
1,Lavonna Cruickshank,random@mail.de
1,Venita Jones,random@mail.de
1,Alethia Auer,random@mail.de
1,Joesph Von,random@mail.de
1,Ms. Kris Shields,random@mail.de
1,Shane Trantow,random@mail.de
1,Pamala Brown DDS,random@mail.de
1,Ashlyn MacGyver,random@mail.de
1,Isreal Stoltenberg,random@mail.de
1,Miss Lucius Howell,random@mail.de
1,Rusty Roob,random@mail.de
1,Cristobal Rau I,random@mail.de
1,Ammie Konopelski,random@mail.de
1,Kareem White,random@mail.de
1,Marilu Wisozk,random@mail.de
1,Maggie Reichel,random@mail.de
1,Leo Borer,random@mail.de
1,Shawn Koelpin,random@mail.de
1,Myrl Schultz,random@mail.de
1,Ms. Vivienne Rolfson,random@mail.de
1,Nestor Orn,random@mail.de
1,Bethel Cruickshank I,random@mail.de
1,Gabriel Wilkinson,random@mail.de
1,Lyndsay Schimmel,random@mail.de
1,Avril Schuppe,random@mail.de
1,Rosella Dach,random@mail.de
1,Mr. Hal Reichert,random@mail.de
1,Rosio Bruen MD,random@mail.de
1,Fletcher Witting,random@mail.de
1,Buford Baumbach,random@mail.de
1,Reggie Gutmann III,random@mail.de
1,Burton Greenholt,random@mail.de
1,Mrs. Abraham Mitchell,random@mail.de
1,Missy White,random@mail.de
1,Mrs. Cassondra Bradtke,random@mail.de
1,Omer Brown,random@mail.de
1,Willie Reinger,random@mail.de
1,Curtis Brekke,random@mail.de
1,Sandy Glover,random@mail.de
1,Kyle Kunde,random@mail.de
1,Mrs. Terrilyn Denesik,random@mail.de
1,Amada Fadel PhD,random@mail.de
1,Altagracia Witting PhD,random@mail.de
1,Wendell Gislason,random@mail.de
1,Maurice Wilkinson,random@mail.de
1,Julio Rice,random@mail.de
1,Marilou Larson MD,random@mail.de
1,Ms. Scottie Schroeder,random@mail.de
1,Lonnie D'Amore,random@mail.de
1,Earnestine Dare,random@mail.de
1,Jeromy Anderson,random@mail.de
1,Alleen Turner,random@mail.de
1,Mr. Kathi Von,random@mail.de
1,Chester Flatley Sr.,random@mail.de
1,Jake Ward,random@mail.de
1,Alphonso Zboncak,random@mail.de
1,Lacie Marquardt V,random@mail.de
1,Cherlyn Blanda,random@mail.de
1,Rochelle Hammes V,random@mail.de
1,Ambrose Kautzer,random@mail.de
1,Aubrey Price,random@mail.de
1,Shelby MacGyver II,random@mail.de
1,Moses Bednar,random@mail.de
1,Rey Wilderman V,random@mail.de
1,Lacy Graham DDS,random@mail.de
1,Mrs. Ranee Simonis,random@mail.de
1,Miss Serita Huels,random@mail.de
1,Lala Boyer Jr.,random@mail.de
1,Joseph Wisozk,random@mail.de
1,Miss Tennille Monahan,random@mail.de
1,Lawerence Cummings,random@mail.de
1,Harlan Bashirian,random@mail.de
1,Marielle Brekke,random@mail.de
1,Goldie Durgan,random@mail.de
1,Lucienne Schaefer,random@mail.de
1,Jacquelyn Wuckert,random@mail.de
1,Otha Becker,random@mail.de
1,Doug Mante,random@mail.de
1,Miss Jeremiah Luettgen,random@mail.de
1,Levi Cremin V,random@mail.de
1,Mrs. Ivory Hackett,random@mail.de
1,Arturo Schulist,random@mail.de
1,Nita Carter PhD,random@mail.de
1,Miss Bennie Bogan,random@mail.de
1,Cruz Crist,random@mail.de
1,Sharmaine Macejkovic,random@mail.de
1,Edmundo Herman MD,random@mail.de
1,Ms. Isaac Hodkiewicz,random@mail.de
1,Duane Berge,random@mail.de
1,Marvis McDermott,random@mail.de
1,Dr. Elaine Frami,random@mail.de
1,Miss John Raynor,random@mail.de
1,Betsy Veum,random@mail.de
1,Dr. Sabra Kovacek,random@mail.de
1,Roma Haley,random@mail.de
1,Lyle Crona,random@mail.de
1,Jeannine Dibbert,random@mail.de
1,Lamar Boyer,random@mail.de
1,Malissa Fadel,random@mail.de
1,Mrs. Lilliam Ferry,random@mail.de
1,Nicolas Herzog,random@mail.de
1,Ms. Shakita Hirthe,random@mail.de
1,Dwain Cole,random@mail.de
1,Miss Kasey Durgan,random@mail.de
1,Valorie Gutkowski,random@mail.de
1,Veronique Waelchi,random@mail.de
1,Cordia Lubowitz I,random@mail.de
1,Trista Goyette,random@mail.de
1,Dr. Jeanine Beier,random@mail.de
1,Rhett Hagenes,random@mail.de
1,Jerry Borer,random@mail.de
1,Cole Bosco,random@mail.de
1,Ms. Tonie Balistreri,random@mail.de
1,Bradley Shields Sr.,random@mail.de
1,Hubert Krajcik,random@mail.de
1,Dr. Saturnina Ernser,random@mail.de
1,Lacy Rogahn,random@mail.de
1,Louella Osinski Jr.,random@mail.de
1,Von Maggio,random@mail.de
1,Lashon Kub,random@mail.de
1,Krystina Walter,random@mail.de
1,Jaimee Von,random@mail.de
1,Miss Palmira Dach,random@mail.de
1,Jefferson Schmeler,random@mail.de
1,Gaston Mayer,random@mail.de
1,Jeff Hickle,random@mail.de
1,Miss Crystle Schaefer,random@mail.de
1,Hank West,random@mail.de
1,Randal Heaney,random@mail.de
1,Zoila Bode,random@mail.de
1,Katy Donnelly III,random@mail.de
1,Samual Murray,random@mail.de
1,Anton Brekke,random@mail.de
1,Sana Ruecker,random@mail.de
1,Joie Runte,random@mail.de
1,Cordell Cummerata,random@mail.de
1,Man Bailey,random@mail.de
1,Rupert Grady III,random@mail.de
1,Ryan Hodkiewicz,random@mail.de
1,Ernest Berge,random@mail.de
1,Mrs. Addie Wiza,random@mail.de
